id_prenom,nom,prenom,date_naissance,adresse,telephone,email
1,Dolby,Perkin,2003-11-11,7030 Goodland Parkway,+46 538 581 5064,pdolby0@ovh.net
2,Baggs,Charlie,1976-07-27,57673 Gulseth Street,+86 197 578 6580,cbaggs1@mozilla.org
3,Eite,Kore,1986-12-14,97 Main Circle,+63 793 470 4136,keite2@tuttocitta.it
4,Safe,Lew,1980-07-15,16653 Birchwood Way,+33 410 839 3382,lsafe3@zimbio.com
5,Newsham,Christiana,1973-10-04,3 Twin Pines Parkway,+52 292 907 9815,cnewsham4@simplemachines.org
6,Hartzenberg,Leontyne,1970-04-14,85688 Sunfield Park,+57 874 339 2673,lhartzenberg5@nhs.uk
7,Masurel,Leonidas,1987-07-07,519 Carpenter Pass,+238 778 877 6372,lmasurel6@businesswire.com
8,Gainsford,Kain,1977-09-29,4374 Golf View Drive,+62 307 335 4947,kgainsford7@uol.com.br
9,McGurn,Netti,1982-08-26,473 Old Gate Lane,+86 875 561 7238,nmcgurn8@nydailynews.com
10,Chateau,Thayne,1989-05-29,8417 Mifflin Plaza,+48 638 295 0372,tchateau9@google.es
11,Doull,Cloe,1982-02-10,88 Iowa Place,+81 943 998 2660,cdoulla@abc.net.au
12,Steketee,Elisa,1975-12-25,44 American Road,+961 393 637 0761,esteketeeb@independent.co.uk
13,Tolcharde,Reeta,1994-03-22,0702 Shoshone Hill,+357 328 217 9043,rtolchardec@unc.edu
14,Domke,Moe,2001-10-24,6 Fremont Pass,+86 474 589 1204,mdomked@oaic.gov.au
15,Clew,Walther,1978-10-07,6198 Manufacturers Drive,+86 691 883 4192,wclewe@hp.com
